,A,C,G,T
0,0.12639704,-0.108453594,0.041667018,-0.10194646
1,0.108320445,-0.37889072,0.14338274,-0.5154016
2,-0.20710716,-0.10145493,-0.16034746,-0.09152212
3,-0.008222887,-0.32042772,-0.045466676,-0.15949994
4,-0.4781888,0.43434152,0.36216643,-1.2524142
5,-2.5867255,-2.5043292,-2.4438803,0.53070456
6,-0.9731456,-2.8897305,-0.7096845,0.4596968
7,-2.3136616,-1.6262727,2.10536,0.0739935
8,0.46479326,-1.3352071,-0.7325554,-1.319851
9,-1.629891,0.6375187,-2.3699703,-1.3819772
10,0.2968584,-0.83177745,-0.6870521,-0.15038605
11,0.14417177,-0.30874366,-0.18503173,0.07007783
12,0.118363015,-0.054978393,0.14326061,0.021333948
13,-0.22002785,-0.18610744,-0.1808214,-0.20023277
14,-0.11368166,-0.06336068,-0.124151565,-0.047461156
15,-0.022856455,-0.25844875,-0.066737935,-0.46668676
16,-0.33379507,-0.08106797,-0.083902515,-0.011705799
17,0.11021877,-0.1349575,0.0062207514,-0.48174682
18,-0.27846026,-0.021561993,0.02314658,-0.2740086
19,-0.19323415,-0.07752768,-0.20827416,-0.074581295
20,-0.112919874,-0.05393734,-0.12513673,0.069591895
21,-0.16034275,-0.104145244,-0.18248405,-0.0384519
22,-0.10076693,-0.18525831,-0.13614263,-0.05128166
23,0.23157674,0.043336682,-0.0009041006,0.37736377
24,-0.33065808,-0.17445406,-0.23400386,0.3497231
25,0.7224552,-0.19386189,0.31859455,-0.6460519
26,-0.013448909,-0.2693643,0.360772,-0.22891176
27,0.19349954,-0.67372334,1.4783659,0.17486785
28,-0.5026489,-0.6865531,-0.034567874,-0.18970643
29,-0.7797229,-1.4936804,-2.8756292,0.68467563
30,0.911219,-3.5944908,-3.4674845,-2.9484022
31,-0.314667,-0.79716545,-0.9075144,0.114191815
32,0.9846797,-0.09301615,-0.32314688,-0.44338962
33,1.1597812,0.50564283,-0.21779144,-0.34275684
34,-1.1490206,-3.0302353,-2.881731,0.58573675
35,0.36372304,-0.57547826,-0.059988353,-0.40499592
36,0.018550528,-0.62547565,-0.074292935,0.090376444
37,0.07397335,-0.27768564,-0.21019003,-0.16618745
38,-0.13522777,-0.23631303,-0.043289337,-0.0012103895
39,0.21670336,-0.17530249,-0.119515195,0.0714974
40,-0.030656084,-0.19750464,-0.23751678,-0.10728538
